"5,200 Days Aboard ISS, and the Surprising Reason the Mission Is Still Worthwhile",http://rss.slashdot.org/~r/Slashdot/slashdot/~3/kPkZAr00WQc/story01.htm,"HughPickens.com writes Spaceflight has faded from American consciousness even as our performance in space has reached a new level of accomplishment. In the past decade, America has become a truly, permanently spacefaring nation. All day, every day, half a dozen men and women, including two Americans, are living and working in orbit, and have been since November 2000. Charles Fishman has a long, detailed article about life aboard the ISS in The Atlantic that is well worth the read; you are sure to learn something you didn't already know about earth's permanent outpost in space. Some excerpts: ""Life in space is so complicated that a lot of logistics have to be off-loaded to the ground if astronauts are to actually do anything substantive. Just building the schedule for the astronauts in orbit on the U.S. side of the station requires a full-time team of 50 staffers. Almost anyone you talk with about the value of the Space Station eventually starts talking about Mars. When they do, it's clear that we don't yet have a very grown-up space program. The folks we send to space still don't have any real autonomy, because no one was imagining having to ""practice"" autonomy when the station was designed and built. On a trip to Mars, the distances are so great that a single voice or email exchange would involve a 30-minute round-trip. That one change, among the thousand others that going to Mars would require, would alter the whole dynamic of life in space. The astronauts would have to handle things themselves. That could be the real value of the Space Station&mdash;to shift NASA's human exploration program from entirely Earth-controlled to more astronaut-directed, more autonomous. This is not a high priority now; it would be inconvenient, inefficient. But the station's value could be magnified greatly were NASA to develop a real ethic, and a real plan, for letting the people on the mission assume more responsibility for shaping and controlling it. If we have any greater ambitions for human exploration in space, that's as important as the technical challenges. Problems of fitness and food supply are solvable. The real question is what autonomy for space travelers would look like&mdash;and how Houston can best support it. Autonomy will not only shape the psychology and planning of the mission; it will shape the design of the spacecraft itself.""<p><div class=""share_submission"" style=""position:relative;""> <a class=""slashpop"" href=""http://twitter.com/home?status=5%2C200+Days+Aboard+ISS%2C+and+the+Surprising+Reason+the+Mission+Is+Still+Worthwhile%3A+http%3A%2F%2Fbit.ly%2F1A28Vm0""><img src=""http://a.fsdn.com/sd/twitter_icon_large.png""></a> <a class=""slashpop"" href=""http://www.facebook.com/sharer.php?u=http%3A%2F%2Fscience.slashdot.org%2Fstory%2F14%2F12%2F28%2F0139203%2F5200-days-aboard-iss-and-the-surprising-reason-the-mission-is-still-worthwhile%3Futm_source%3Dslashdot%26utm_medium%3Dfacebook""><img src=""http://a.fsdn.com/sd/facebook_icon_large.png""></a> <a class=""nobg"" href=""http://plus.google.com/share?url=http://science.slashdot.org/story/14/12/28/0139203/5200-days-aboard-iss-and-the-surprising-reason-the-mission-is-still-worthwhile?utm_source=slashdot&amp;utm_medium=googleplus"" onclick=""javascript:window.open(this.href,'', 'menubar=no,toolbar=no,resizable=yes,scrollbars=yes,height=600,width=600');return false;""><img src=""http://www.gstatic.com/images/icons/gplus-16.png"" alt=""Share on Google+""/></a> </div></p><p><a href=""http://science.slashdot.org/story/14/12/28/0139203/5200-days-aboard-iss-and-the-surprising-reason-the-mission-is-still-worthwhile?utm_source=rss1.0moreanon&amp;utm_medium=feed"">Read more of this story</a> at Slashdot.</p><iframe src=""http://slashdot.org/slashdot-it.pl?op=discuss&amp;id=6547275&amp;smallembed=1"" style=""height: 300px; width: 100%; border: none;""></iframe><img width='1' height='1' src='http://slashdot.feedsportal.com/c/35028/f/647410/s/41d2a99f/sc/36/mf.gif' border='0'/><br clear='all'/><br/><br/><a href=""http://da.feedsportal.com/r/216443329208/u/49/f/647410/c/35028/s/41d2a99f/sc/36/rc/1/rc.htm"" rel=""nofollow""><img src=""http://da.feedsportal.com/r/216443329208/u/49/f/647410/c/35028/s/41d2a99f/sc/36/rc/1/rc.img"" border=""0""/></a><br/><a href=""http://da.feedsportal.com/r/216443329208/u/49/f/647410/c/35028/s/41d2a99f/sc/36/rc/2/rc.htm"" rel=""nofollow""><img src=""http://da.feedsportal.com/r/216443329208/u/49/f/647410/c/35028/s/41d2a99f/sc/36/rc/2/rc.img"" border=""0""/></a><br/><a href=""http://da.feedsportal.com/r/216443329208/u/49/f/647410/c/35028/s/41d2a99f/sc/36/rc/3/rc.htm"" rel=""nofollow""><img src=""http://da.feedsportal.com/r/216443329208/u/49/f/647410/c/35028/s/41d2a99f/sc/36/rc/3/rc.img"" border=""0""/></a><br/><br/><a href=""http://da.feedsportal.com/r/216443329208/u/49/f/647410/c/35028/s/41d2a99f/sc/36/a2.htm""><img src=""http://da.feedsportal.com/r/216443329208/u/49/f/647410/c/35028/s/41d2a99f/sc/36/a2.img"" border=""0""/></a><img width=""1"" height=""1"" src=""http://pi.feedsportal.com/r/216443329208/u/49/f/647410/c/35028/s/41d2a99f/sc/36/a2t.img"" border=""0""/><img src=""//feeds.feedburner.com/~r/Slashdot/slashdot/~4/kPkZAr00WQc"" height=""1"" width=""1"" alt=""""/>"
A New Edition of The Journal of Medical Ethics is Available (bioethicscom),,"The Journal for Medical Ethics (Vol. 40, No. 12, December 2014) is now
available online by subscription only. Articles include: ""Criminalising
Contagion"" by Catherine Stanton ""Herpes genitalis and the philosopher's
stance"" by Kilian Dunphy ""Non-culpable ignorance and HIV criminalisation"" by
Jessica … Read More

"
AirAsia Flight Goes Missing Between Indonesia and SIngapore,http://rss.slashdot.org/~r/Slashdot/slashdot/~3/Dn8iherNLv0/story01.htm,"iONiUM (530420) writes As reported by many news sources, yet another plane has lost contact during a trip. This comes on the heels of Malaysia Airlines Flight 370 which is still missing, and Malaysia Airlines Flight 17, which was shot down. From ABC's coverage: Sixteen children and one infant were among the passengers. At a press conference this morning, Indonesian officials said the plane was several hours past the time when its fuel would have been exhausted. The six-year-old aircraft was on the submitted flight plan but requested a deviation because of enroute weather before communication with the aircraft was lost. The plane was under the control of the Indonesian Air Traffic Control and had been in the air for about 42 minutes when contact was lost, AirAsia said.<p><div class=""share_submission"" style=""position:relative;""> <a class=""slashpop"" href=""http://twitter.com/home?status=AirAsia+Flight+Goes+Missing+Between+Indonesia+and+SIngapore%3A+http%3A%2F%2Fbit.ly%2F1Ac9ACz""><img src=""http://a.fsdn.com/sd/twitter_icon_large.png""></a> <a class=""slashpop"" href=""http://www.facebook.com/sharer.php?u=http%3A%2F%2Fnews.slashdot.org%2Fstory%2F14%2F12%2F28%2F0752239%2Fairasia-flight-goes-missing-between-indonesia-and-singapore%3Futm_source%3Dslashdot%26utm_medium%3Dfacebook""><img src=""http://a.fsdn.com/sd/facebook_icon_large.png""></a> <a class=""nobg"" href=""http://plus.google.com/share?url=http://news.slashdot.org/story/14/12/28/0752239/airasia-flight-goes-missing-between-indonesia-and-singapore?utm_source=slashdot&amp;utm_medium=googleplus"" onclick=""javascript:window.open(this.href,'', 'menubar=no,toolbar=no,resizable=yes,scrollbars=yes,height=600,width=600');return false;""><img src=""http://www.gstatic.com/images/icons/gplus-16.png"" alt=""Share on Google+""/></a> </div></p><p><a href=""http://news.slashdot.org/story/14/12/28/0752239/airasia-flight-goes-missing-between-indonesia-and-singapore?utm_source=rss1.0moreanon&amp;utm_medium=feed"">Read more of this story</a> at Slashdot.</p><iframe src=""http://slashdot.org/slashdot-it.pl?op=discuss&amp;id=6548221&amp;smallembed=1"" style=""height: 300px; width: 100%; border: none;""></iframe><img width='1' height='1' src='http://slashdot.feedsportal.com/c/35028/f/647410/s/41d17b48/sc/24/mf.gif' border='0'/><br clear='all'/><br/><br/><a href=""http://da.feedsportal.com/r/216443273219/u/49/f/647410/c/35028/s/41d17b48/sc/24/rc/1/rc.htm"" rel=""nofollow""><img src=""http://da.feedsportal.com/r/216443273219/u/49/f/647410/c/35028/s/41d17b48/sc/24/rc/1/rc.img"" border=""0""/></a><br/><a href=""http://da.feedsportal.com/r/216443273219/u/49/f/647410/c/35028/s/41d17b48/sc/24/rc/2/rc.htm"" rel=""nofollow""><img src=""http://da.feedsportal.com/r/216443273219/u/49/f/647410/c/35028/s/41d17b48/sc/24/rc/2/rc.img"" border=""0""/></a><br/><a href=""http://da.feedsportal.com/r/216443273219/u/49/f/647410/c/35028/s/41d17b48/sc/24/rc/3/rc.htm"" rel=""nofollow""><img src=""http://da.feedsportal.com/r/216443273219/u/49/f/647410/c/35028/s/41d17b48/sc/24/rc/3/rc.img"" border=""0""/></a><br/><br/><a href=""http://da.feedsportal.com/r/216443273219/u/49/f/647410/c/35028/s/41d17b48/sc/24/a2.htm""><img src=""http://da.feedsportal.com/r/216443273219/u/49/f/647410/c/35028/s/41d17b48/sc/24/a2.img"" border=""0""/></a><img width=""1"" height=""1"" src=""http://pi.feedsportal.com/r/216443273219/u/49/f/647410/c/35028/s/41d17b48/sc/24/a2t.img"" border=""0""/><img src=""//feeds.feedburner.com/~r/Slashdot/slashdot/~4/Dn8iherNLv0"" height=""1"" width=""1"" alt=""""/>"
Antarctic Seals May Navigate by Earth's Magnetic Field (Discovery),,"Weddell seals may use Earth's magnetic field to navigate among the holes in
the ice it needs to find in order to breathe.

"
Ask Slashdot: Dealing With Companies With Poor SSL Practices?,http://rss.slashdot.org/~r/Slashdot/slashdot/~3/IM_IYjDp_LE/story01.htm,"An anonymous reader writes Despite recent highly-publicized hacking incidents making the news, companies continue to practice poor cyber-security. I signed-up to buy something from [an online vendor] and upon completing signup through HTTPS, was sent my username and password in plain-text through e-mail. This company has done everything in its power to avoid being contacted for its poor technical practices, including using GoDaddy's Domains By Proxy to avoid having even WHOIS information for their webmaster's technical contact from being found. Given such egregious behavior, what do you do when you're left vulnerable by companies flagrantly violating good security practice?<p><div class=""share_submission"" style=""position:relative;""> <a class=""slashpop"" href=""http://twitter.com/home?status=Ask+Slashdot%3A+Dealing+With+Companies+With+Poor+SSL+Practices%3F%3A+http%3A%2F%2Fbit.ly%2F13CZgGy""><img src=""http://a.fsdn.com/sd/twitter_icon_large.png""></a> <a class=""slashpop"" href=""http://www.facebook.com/sharer.php?u=http%3A%2F%2Fask.slashdot.org%2Fstory%2F14%2F12%2F28%2F1822238%2Fask-slashdot-dealing-with-companies-with-poor-ssl-practices%3Futm_source%3Dslashdot%26utm_medium%3Dfacebook""><img src=""http://a.fsdn.com/sd/facebook_icon_large.png""></a> <a class=""nobg"" href=""http://plus.google.com/share?url=http://ask.slashdot.org/story/14/12/28/1822238/ask-slashdot-dealing-with-companies-with-poor-ssl-practices?utm_source=slashdot&amp;utm_medium=googleplus"" onclick=""javascript:window.open(this.href,'', 'menubar=no,toolbar=no,resizable=yes,scrollbars=yes,height=600,width=600');return false;""><img src=""http://www.gstatic.com/images/icons/gplus-16.png"" alt=""Share on Google+""/></a> </div></p><p><a href=""http://ask.slashdot.org/story/14/12/28/1822238/ask-slashdot-dealing-with-companies-with-poor-ssl-practices?utm_source=rss1.0moreanon&amp;utm_medium=feed"">Read more of this story</a> at Slashdot.</p><iframe src=""http://slashdot.org/slashdot-it.pl?op=discuss&amp;id=6550561&amp;smallembed=1"" style=""height: 300px; width: 100%; border: none;""></iframe><img width='1' height='1' src='http://slashdot.feedsportal.com/c/35028/f/647410/s/41d3cf36/sc/4/mf.gif' border='0'/><br clear='all'/><br/><br/><a href=""http://da.feedsportal.com/r/216443276624/u/49/f/647410/c/35028/s/41d3cf36/sc/4/rc/1/rc.htm"" rel=""nofollow""><img src=""http://da.feedsportal.com/r/216443276624/u/49/f/647410/c/35028/s/41d3cf36/sc/4/rc/1/rc.img"" border=""0""/></a><br/><a href=""http://da.feedsportal.com/r/216443276624/u/49/f/647410/c/35028/s/41d3cf36/sc/4/rc/2/rc.htm"" rel=""nofollow""><img src=""http://da.feedsportal.com/r/216443276624/u/49/f/647410/c/35028/s/41d3cf36/sc/4/rc/2/rc.img"" border=""0""/></a><br/><a href=""http://da.feedsportal.com/r/216443276624/u/49/f/647410/c/35028/s/41d3cf36/sc/4/rc/3/rc.htm"" rel=""nofollow""><img src=""http://da.feedsportal.com/r/216443276624/u/49/f/647410/c/35028/s/41d3cf36/sc/4/rc/3/rc.img"" border=""0""/></a><br/><br/><a href=""http://da.feedsportal.com/r/216443276624/u/49/f/647410/c/35028/s/41d3cf36/sc/4/a2.htm""><img src=""http://da.feedsportal.com/r/216443276624/u/49/f/647410/c/35028/s/41d3cf36/sc/4/a2.img"" border=""0""/></a><img width=""1"" height=""1"" src=""http://pi.feedsportal.com/r/216443276624/u/49/f/647410/c/35028/s/41d3cf36/sc/4/a2t.img"" border=""0""/><img src=""//feeds.feedburner.com/~r/Slashdot/slashdot/~4/IM_IYjDp_LE"" height=""1"" width=""1"" alt=""""/>"
Banish Procrastination by Thinking Differently About Deadlines (Scientific American),,"Trick your brain into meeting any due date


-- Read more on ScientificAmerican.com

"
"Both Beautiful and Disturbing, a New NASA Visualization Shows Carbon Dioxide Emissions Swirling Around the World (Discover Magazine)",,"The following is a guest post from Paul McDivitt, a second-year master’s
student studying journalism and mass communication research at the University
of Colorado-Boulder. He is taking a course in journalistic blogging from me
there. This is his second post at Discover. His first was at Keith Kloor's
Collide-a-Scape blog. Follow Paul on twitter @paulmcdivitt. In the wake of an
historic agreement between the United States and China to curb greenhouse gas
emissions, a new visualization from NAS

"
Chaos Computer Club Claims It Can Reproduce Fingerprints From People's Photos,http://rss.slashdot.org/~r/Slashdot/slashdot/~3/LHhvFIiczVM/story01.htm,"An anonymous reader writes Chaos Computer Club, Europe's largest association of hackers, claims it can reproduce your fingerprints from a couple of photos that show your fingers. At the 31st annual Chaos Computer Club convention in Hamburg, Germany, Jan Krissler, also known by his alias ""Starbug,"" explained how he copied the thumbprint of German Defense Minister Ursula von der Leyen. Because these fingerprints can be used for biometric authentication, Starbug believes that after his talk, ""politicians will presumably wear gloves when talking in public."" Even better than gummi bears.<p><div class=""share_submission"" style=""position:relative;""> <a class=""slashpop"" href=""http://twitter.com/home?status=Chaos+Computer+Club+Claims+It+Can+Reproduce+Fingerprints+From+People's+Photos%3A+http%3A%2F%2Fbit.ly%2F1BiASFo""><img src=""http://a.fsdn.com/sd/twitter_icon_large.png""></a> <a class=""slashpop"" href=""http://www.facebook.com/sharer.php?u=http%3A%2F%2Fit.slashdot.org%2Fstory%2F14%2F12%2F28%2F2147242%2Fchaos-computer-club-claims-it-can-reproduce-fingerprints-from-peoples-photos%3Futm_source%3Dslashdot%26utm_medium%3Dfacebook""><img src=""http://a.fsdn.com/sd/facebook_icon_large.png""></a> <a class=""nobg"" href=""http://plus.google.com/share?url=http://it.slashdot.org/story/14/12/28/2147242/chaos-computer-club-claims-it-can-reproduce-fingerprints-from-peoples-photos?utm_source=slashdot&amp;utm_medium=googleplus"" onclick=""javascript:window.open(this.href,'', 'menubar=no,toolbar=no,resizable=yes,scrollbars=yes,height=600,width=600');return false;""><img src=""http://www.gstatic.com/images/icons/gplus-16.png"" alt=""Share on Google+""/></a> </div></p><p><a href=""http://it.slashdot.org/story/14/12/28/2147242/chaos-computer-club-claims-it-can-reproduce-fingerprints-from-peoples-photos?utm_source=rss1.0moreanon&amp;utm_medium=feed"">Read more of this story</a> at Slashdot.</p><iframe src=""http://slashdot.org/slashdot-it.pl?op=discuss&amp;id=6551063&amp;smallembed=1"" style=""height: 300px; width: 100%; border: none;""></iframe><img width='1' height='1' src='http://slashdot.feedsportal.com/c/35028/f/647410/s/41d45978/sc/21/mf.gif' border='0'/><br clear='all'/><br/><br/><a href=""http://da.feedsportal.com/r/216443286543/u/49/f/647410/c/35028/s/41d45978/sc/21/rc/1/rc.htm"" rel=""nofollow""><img src=""http://da.feedsportal.com/r/216443286543/u/49/f/647410/c/35028/s/41d45978/sc/21/rc/1/rc.img"" border=""0""/></a><br/><a href=""http://da.feedsportal.com/r/216443286543/u/49/f/647410/c/35028/s/41d45978/sc/21/rc/2/rc.htm"" rel=""nofollow""><img src=""http://da.feedsportal.com/r/216443286543/u/49/f/647410/c/35028/s/41d45978/sc/21/rc/2/rc.img"" border=""0""/></a><br/><a href=""http://da.feedsportal.com/r/216443286543/u/49/f/647410/c/35028/s/41d45978/sc/21/rc/3/rc.htm"" rel=""nofollow""><img src=""http://da.feedsportal.com/r/216443286543/u/49/f/647410/c/35028/s/41d45978/sc/21/rc/3/rc.img"" border=""0""/></a><br/><br/><a href=""http://da.feedsportal.com/r/216443286543/u/49/f/647410/c/35028/s/41d45978/sc/21/a2.htm""><img src=""http://da.feedsportal.com/r/216443286543/u/49/f/647410/c/35028/s/41d45978/sc/21/a2.img"" border=""0""/></a><img width=""1"" height=""1"" src=""http://pi.feedsportal.com/r/216443286543/u/49/f/647410/c/35028/s/41d45978/sc/21/a2t.img"" border=""0""/><img src=""//feeds.feedburner.com/~r/Slashdot/slashdot/~4/LHhvFIiczVM"" height=""1"" width=""1"" alt=""""/>"
"Critic’s Notebook: In Haiti, Battling Disease With Open-Air Clinics (NY Times)",,"Two new clinics in Haiti for treating cholera and tuberculosis could be models
for other struggling countries that lack resources for high-end Western-style
hospitals.







"
December Darkness Across the Universe (Discover Magazine),,"During the darkest days of December, it makes me feel better to think about
all the other, more profound darknesses out there in the universe. A little
dose of the old perspective, you know. And boy, there are a lot of them--not
just a lot of dark places, but a lot of different forms of darkness out there.
In fact, there's a lot more darkness than most of us realize, for an obvious
if easily overlooked reason: Space images are calibrated to highlight faint or
even invisible detail, making the un

"
Drunk Drivers in California May Get Mandated Interlock Devices,http://rss.slashdot.org/~r/Slashdot/slashdot/~3/yw9B8NayyII/story01.htm,"Convicted drunk drivers all over California may soon be required to install and pay for the use of ignition interlock devices, at a cost of $50-100 per month, plus installation. Says the article: ""State Sen. Jerry Hill, D-San Mateo, wants to expand a program already in place in four California counties, including Alameda, and 24 other states. Under the proposed state law Hill will introduce Monday, anyone convicted of driving under the influence would be required to install an ignition interlock device in their car for six months on a first offense and a year on a second conviction."" Though interlock devices could be fitted to check for other conditions as well, the usual case (as described on this Wikipedia page) is that they base the ability to operate a car on blood alcohol content. Already in California, interlock devices are mandatory for those re-arrested for DUI while ""driving on a suspended license due to a DUI conviction.""<p><div class=""share_submission"" style=""position:relative;""> <a class=""slashpop"" href=""http://twitter.com/home?status=Drunk+Drivers+in+California+May+Get+Mandated+Interlock+Devices%3A+http%3A%2F%2Fbit.ly%2F13Mn4Z6""><img src=""http://a.fsdn.com/sd/twitter_icon_large.png""></a> <a class=""slashpop"" href=""http://www.facebook.com/sharer.php?u=http%3A%2F%2Ftech.slashdot.org%2Fstory%2F14%2F12%2F28%2F0359217%2Fdrunk-drivers-in-california-may-get-mandated-interlock-devices%3Futm_source%3Dslashdot%26utm_medium%3Dfacebook""><img src=""http://a.fsdn.com/sd/facebook_icon_large.png""></a> <a class=""nobg"" href=""http://plus.google.com/share?url=http://tech.slashdot.org/story/14/12/28/0359217/drunk-drivers-in-california-may-get-mandated-interlock-devices?utm_source=slashdot&amp;utm_medium=googleplus"" onclick=""javascript:window.open(this.href,'', 'menubar=no,toolbar=no,resizable=yes,scrollbars=yes,height=600,width=600');return false;""><img src=""http://www.gstatic.com/images/icons/gplus-16.png"" alt=""Share on Google+""/></a> </div></p><p><a href=""http://tech.slashdot.org/story/14/12/28/0359217/drunk-drivers-in-california-may-get-mandated-interlock-devices?utm_source=rss1.0moreanon&amp;utm_medium=feed"">Read more of this story</a> at Slashdot.</p><iframe src=""http://slashdot.org/slashdot-it.pl?op=discuss&amp;id=6547807&amp;smallembed=1"" style=""height: 300px; width: 100%; border: none;""></iframe><img width='1' height='1' src='http://slashdot.feedsportal.com/c/35028/f/647410/s/41d0b195/sc/30/mf.gif' border='0'/><br clear='all'/><br/><br/><a href=""http://da.feedsportal.com/r/216443265129/u/49/f/647410/c/35028/s/41d0b195/sc/30/rc/1/rc.htm"" rel=""nofollow""><img src=""http://da.feedsportal.com/r/216443265129/u/49/f/647410/c/35028/s/41d0b195/sc/30/rc/1/rc.img"" border=""0""/></a><br/><a href=""http://da.feedsportal.com/r/216443265129/u/49/f/647410/c/35028/s/41d0b195/sc/30/rc/2/rc.htm"" rel=""nofollow""><img src=""http://da.feedsportal.com/r/216443265129/u/49/f/647410/c/35028/s/41d0b195/sc/30/rc/2/rc.img"" border=""0""/></a><br/><a href=""http://da.feedsportal.com/r/216443265129/u/49/f/647410/c/35028/s/41d0b195/sc/30/rc/3/rc.htm"" rel=""nofollow""><img src=""http://da.feedsportal.com/r/216443265129/u/49/f/647410/c/35028/s/41d0b195/sc/30/rc/3/rc.img"" border=""0""/></a><br/><br/><a href=""http://da.feedsportal.com/r/216443265129/u/49/f/647410/c/35028/s/41d0b195/sc/30/a2.htm""><img src=""http://da.feedsportal.com/r/216443265129/u/49/f/647410/c/35028/s/41d0b195/sc/30/a2.img"" border=""0""/></a><img width=""1"" height=""1"" src=""http://pi.feedsportal.com/r/216443265129/u/49/f/647410/c/35028/s/41d0b195/sc/30/a2t.img"" border=""0""/><img src=""//feeds.feedburner.com/~r/Slashdot/slashdot/~4/yw9B8NayyII"" height=""1"" width=""1"" alt=""""/>"
Endangered leopards thriving in minefields (APN),,"For humans it probably ranks as one of the world's most dangerous nature
reserves, but the mine-strewn border between Iran and Iraq has become an
unlikely sanctuary for one of the world's most endangered species of
leopard.The legacy...

"
Facebook Apologizes For 'Year In Review' Photos,http://rss.slashdot.org/~r/Slashdot/slashdot/~3/LjU20oTH3mQ/story01.htm,"Facebook this year showed users a compilation of photos drawn from their own gallery of uploaded images, but the automatic nature of the collation and display of those photos inspired the need for an apology on Facebook's part to at least one reader who was upset by the compiled pictures. That may sound silly, but even innocent data-mashing can touch real nerves. ""Eric Meyer, a web design consultant and writer, is one of those people. Earlier this year, he lost his daughter to brain cancer on her sixth birthday. For that reason, Meyer wrote in a blog post, he had actively avoided looking at previews of his own automatically generated summary post. But Facebook put a personalized prompt advertising the feature in his newsfeed, he wrote, prominently featuring the face of his dead daughter -- surrounded by what appears to be clip art figures having a party.""<p><div class=""share_submission"" style=""position:relative;""> <a class=""slashpop"" href=""http://twitter.com/home?status=Facebook+Apologizes+For+'Year+In+Review'+Photos%3A+http%3A%2F%2Fbit.ly%2F146Q5zv""><img src=""http://a.fsdn.com/sd/twitter_icon_large.png""></a> <a class=""slashpop"" href=""http://www.facebook.com/sharer.php?u=http%3A%2F%2Ftech.slashdot.org%2Fstory%2F14%2F12%2F27%2F2251200%2Ffacebook-apologizes-for-year-in-review-photos%3Futm_source%3Dslashdot%26utm_medium%3Dfacebook""><img src=""http://a.fsdn.com/sd/facebook_icon_large.png""></a> <a class=""nobg"" href=""http://plus.google.com/share?url=http://tech.slashdot.org/story/14/12/27/2251200/facebook-apologizes-for-year-in-review-photos?utm_source=slashdot&amp;utm_medium=googleplus"" onclick=""javascript:window.open(this.href,'', 'menubar=no,toolbar=no,resizable=yes,scrollbars=yes,height=600,width=600');return false;""><img src=""http://www.gstatic.com/images/icons/gplus-16.png"" alt=""Share on Google+""/></a> </div></p><p><a href=""http://tech.slashdot.org/story/14/12/27/2251200/facebook-apologizes-for-year-in-review-photos?utm_source=rss1.0moreanon&amp;utm_medium=feed"">Read more of this story</a> at Slashdot.</p><iframe src=""http://slashdot.org/slashdot-it.pl?op=discuss&amp;id=6546507&amp;smallembed=1"" style=""height: 300px; width: 100%; border: none;""></iframe><img width='1' height='1' src='http://slashdot.feedsportal.com/c/35028/f/647410/s/41d0a52c/sc/4/mf.gif' border='0'/><br clear='all'/><br/><br/><a href=""http://da.feedsportal.com/r/216443263542/u/49/f/647410/c/35028/s/41d0a52c/sc/4/rc/1/rc.htm"" rel=""nofollow""><img src=""http://da.feedsportal.com/r/216443263542/u/49/f/647410/c/35028/s/41d0a52c/sc/4/rc/1/rc.img"" border=""0""/></a><br/><a href=""http://da.feedsportal.com/r/216443263542/u/49/f/647410/c/35028/s/41d0a52c/sc/4/rc/2/rc.htm"" rel=""nofollow""><img src=""http://da.feedsportal.com/r/216443263542/u/49/f/647410/c/35028/s/41d0a52c/sc/4/rc/2/rc.img"" border=""0""/></a><br/><a href=""http://da.feedsportal.com/r/216443263542/u/49/f/647410/c/35028/s/41d0a52c/sc/4/rc/3/rc.htm"" rel=""nofollow""><img src=""http://da.feedsportal.com/r/216443263542/u/49/f/647410/c/35028/s/41d0a52c/sc/4/rc/3/rc.img"" border=""0""/></a><br/><br/><a href=""http://da.feedsportal.com/r/216443263542/u/49/f/647410/c/35028/s/41d0a52c/sc/4/a2.htm""><img src=""http://da.feedsportal.com/r/216443263542/u/49/f/647410/c/35028/s/41d0a52c/sc/4/a2.img"" border=""0""/></a><img width=""1"" height=""1"" src=""http://pi.feedsportal.com/r/216443263542/u/49/f/647410/c/35028/s/41d0a52c/sc/4/a2t.img"" border=""0""/><img src=""//feeds.feedburner.com/~r/Slashdot/slashdot/~4/LjU20oTH3mQ"" height=""1"" width=""1"" alt=""""/>"
Finn Linked To Lizard Squad Christmas Attack,http://rss.slashdot.org/~r/Slashdot/slashdot/~3/E2iCpOlgmqs/story01.htm,"An anonymous reader writes Security researcher Mikko Hypp&#246;nen from F-Secure told the newspaper Helsingin Sanomat and Finland's MTV news that rumours have been circulating for several months about the Lizard Squad group of hackers who say they disrupted the two computer games console networks on Christmas Day. He confirmed that at least one of them is a Finn. One of the hackers, in a Skype interview from Finland by Britain's Sky News, said that the attack was carried out for amusement and to expose security flaws in the networks. Hypp&#246;nen told Helsingin Sanomat and MTV that his company has been aware of the hacker group for several months. 'According to our information, the group has members in the United States, Canada, England and at least one member in Finland,' he told MTV. The nationalities of other members that participated in the Christmas attack have not been confirmed. Hypp&#246;nen noted that these kinds of groups come and go, and that their members are usually young.<p><div class=""share_submission"" style=""position:relative;""> <a class=""slashpop"" href=""http://twitter.com/home?status=Finn+Linked+To+Lizard+Squad+Christmas+Attack%3A+http%3A%2F%2Fbit.ly%2F1A2kvxh""><img src=""http://a.fsdn.com/sd/twitter_icon_large.png""></a> <a class=""slashpop"" href=""http://www.facebook.com/sharer.php?u=http%3A%2F%2Fit.slashdot.org%2Fstory%2F14%2F12%2F28%2F1449250%2Ffinn-linked-to-lizard-squad-christmas-attack%3Futm_source%3Dslashdot%26utm_medium%3Dfacebook""><img src=""http://a.fsdn.com/sd/facebook_icon_large.png""></a> <a class=""nobg"" href=""http://plus.google.com/share?url=http://it.slashdot.org/story/14/12/28/1449250/finn-linked-to-lizard-squad-christmas-attack?utm_source=slashdot&amp;utm_medium=googleplus"" onclick=""javascript:window.open(this.href,'', 'menubar=no,toolbar=no,resizable=yes,scrollbars=yes,height=600,width=600');return false;""><img src=""http://www.gstatic.com/images/icons/gplus-16.png"" alt=""Share on Google+""/></a> </div></p><p><a href=""http://it.slashdot.org/story/14/12/28/1449250/finn-linked-to-lizard-squad-christmas-attack?utm_source=rss1.0moreanon&amp;utm_medium=feed"">Read more of this story</a> at Slashdot.</p><iframe src=""http://slashdot.org/slashdot-it.pl?op=discuss&amp;id=6549833&amp;smallembed=1"" style=""height: 300px; width: 100%; border: none;""></iframe><img width='1' height='1' src='http://slashdot.feedsportal.com/c/35028/f/647410/s/41d2f98d/sc/21/mf.gif' border='0'/><br clear='all'/><br/><br/><a href=""http://da.feedsportal.com/r/216443274784/u/49/f/647410/c/35028/s/41d2f98d/sc/21/rc/1/rc.htm"" rel=""nofollow""><img src=""http://da.feedsportal.com/r/216443274784/u/49/f/647410/c/35028/s/41d2f98d/sc/21/rc/1/rc.img"" border=""0""/></a><br/><a href=""http://da.feedsportal.com/r/216443274784/u/49/f/647410/c/35028/s/41d2f98d/sc/21/rc/2/rc.htm"" rel=""nofollow""><img src=""http://da.feedsportal.com/r/216443274784/u/49/f/647410/c/35028/s/41d2f98d/sc/21/rc/2/rc.img"" border=""0""/></a><br/><a href=""http://da.feedsportal.com/r/216443274784/u/49/f/647410/c/35028/s/41d2f98d/sc/21/rc/3/rc.htm"" rel=""nofollow""><img src=""http://da.feedsportal.com/r/216443274784/u/49/f/647410/c/35028/s/41d2f98d/sc/21/rc/3/rc.img"" border=""0""/></a><br/><br/><a href=""http://da.feedsportal.com/r/216443274784/u/49/f/647410/c/35028/s/41d2f98d/sc/21/a2.htm""><img src=""http://da.feedsportal.com/r/216443274784/u/49/f/647410/c/35028/s/41d2f98d/sc/21/a2.img"" border=""0""/></a><img width=""1"" height=""1"" src=""http://pi.feedsportal.com/r/216443274784/u/49/f/647410/c/35028/s/41d2f98d/sc/21/a2t.img"" border=""0""/><img src=""//feeds.feedburner.com/~r/Slashdot/slashdot/~4/E2iCpOlgmqs"" height=""1"" width=""1"" alt=""""/>"
"Google and Apple Weaseling Out of ""Do Not Track""",http://rss.slashdot.org/~r/Slashdot/slashdot/~3/FS-T-p4w5VA/story01.htm,"An anonymous reader writes ""Per an op-ed in today's New York Times, Google, Apple, and others would be effectively exempt from ""Do not track"": ""[T]he rules would allow the largest Internet giants to continue scooping up data about users on their own sites and on other sites that include their plug-ins, such as Facebook's 'Like' button or an embedded YouTube video. This giant loophole would make 'Do Not Track' meaningless.""<p><div class=""share_submission"" style=""position:relative;""> <a class=""slashpop"" href=""http://twitter.com/home?status=Google+and+Apple+Weaseling+Out+of+%22Do+Not+Track%22%3A+http%3A%2F%2Fbit.ly%2F1t9jrmu""><img src=""http://a.fsdn.com/sd/twitter_icon_large.png""></a> <a class=""slashpop"" href=""http://www.facebook.com/sharer.php?u=http%3A%2F%2Fyro.slashdot.org%2Fstory%2F14%2F12%2F27%2F2025257%2Fgoogle-and-apple-weaseling-out-of-do-not-track%3Futm_source%3Dslashdot%26utm_medium%3Dfacebook""><img src=""http://a.fsdn.com/sd/facebook_icon_large.png""></a> <a class=""nobg"" href=""http://plus.google.com/share?url=http://yro.slashdot.org/story/14/12/27/2025257/google-and-apple-weaseling-out-of-do-not-track?utm_source=slashdot&amp;utm_medium=googleplus"" onclick=""javascript:window.open(this.href,'', 'menubar=no,toolbar=no,resizable=yes,scrollbars=yes,height=600,width=600');return false;""><img src=""http://www.gstatic.com/images/icons/gplus-16.png"" alt=""Share on Google+""/></a> </div></p><p><a href=""http://yro.slashdot.org/story/14/12/27/2025257/google-and-apple-weaseling-out-of-do-not-track?utm_source=rss1.0moreanon&amp;utm_medium=feed"">Read more of this story</a> at Slashdot.</p><iframe src=""http://slashdot.org/slashdot-it.pl?op=discuss&amp;id=6546065&amp;smallembed=1"" style=""height: 300px; width: 100%; border: none;""></iframe><img width='1' height='1' src='http://slashdot.feedsportal.com/c/35028/f/647410/s/41d04262/sc/4/mf.gif' border='0'/><br clear='all'/><img src=""//feeds.feedburner.com/~r/Slashdot/slashdot/~4/FS-T-p4w5VA"" height=""1"" width=""1"" alt=""""/>"
"Google and Apple Weasling Out of ""Do Not Track""",http://rss.slashdot.org/~r/Slashdot/slashdot/~3/5Lwr1qG4Kf4/story01.htm,"An anonymous reader writes ""Per an op-ed in today's New York Times, Google, Apple, and others would be effectively exempt from ""Do not track"": ""[T]he rules would allow the largest Internet giants to continue scooping up data about users on their own sites and on other sites that include their plug-ins, such as Facebook's 'Like' button or an embedded YouTube video. This giant loophole would make 'Do Not Track' meaningless.""<p><div class=""share_submission"" style=""position:relative;""> <a class=""slashpop"" href=""http://twitter.com/home?status=Google+and+Apple+Weasling+Out+of+%22Do+Not+Track%22%3A+http%3A%2F%2Fbit.ly%2F1t9jrmu""><img src=""http://a.fsdn.com/sd/twitter_icon_large.png""></a> <a class=""slashpop"" href=""http://www.facebook.com/sharer.php?u=http%3A%2F%2Fyro.slashdot.org%2Fstory%2F14%2F12%2F27%2F2025257%2Fgoogle-and-apple-weasling-out-of-do-not-track%3Futm_source%3Dslashdot%26utm_medium%3Dfacebook""><img src=""http://a.fsdn.com/sd/facebook_icon_large.png""></a> <a class=""nobg"" href=""http://plus.google.com/share?url=http://yro.slashdot.org/story/14/12/27/2025257/google-and-apple-weasling-out-of-do-not-track?utm_source=slashdot&amp;utm_medium=googleplus"" onclick=""javascript:window.open(this.href,'', 'menubar=no,toolbar=no,resizable=yes,scrollbars=yes,height=600,width=600');return false;""><img src=""http://www.gstatic.com/images/icons/gplus-16.png"" alt=""Share on Google+""/></a> </div></p><p><a href=""http://yro.slashdot.org/story/14/12/27/2025257/google-and-apple-weasling-out-of-do-not-track?utm_source=rss1.0moreanon&amp;utm_medium=feed"">Read more of this story</a> at Slashdot.</p><iframe src=""http://slashdot.org/slashdot-it.pl?op=discuss&amp;id=6546065&amp;smallembed=1"" style=""height: 300px; width: 100%; border: none;""></iframe><img width='1' height='1' src='http://slashdot.feedsportal.com/c/35028/f/647410/s/41cfc1fe/sc/4/mf.gif' border='0'/><br clear='all'/><br/><br/><a href=""http://da.feedsportal.com/r/216443259056/u/49/f/647410/c/35028/s/41cfc1fe/sc/4/rc/1/rc.htm"" rel=""nofollow""><img src=""http://da.feedsportal.com/r/216443259056/u/49/f/647410/c/35028/s/41cfc1fe/sc/4/rc/1/rc.img"" border=""0""/></a><br/><a href=""http://da.feedsportal.com/r/216443259056/u/49/f/647410/c/35028/s/41cfc1fe/sc/4/rc/2/rc.htm"" rel=""nofollow""><img src=""http://da.feedsportal.com/r/216443259056/u/49/f/647410/c/35028/s/41cfc1fe/sc/4/rc/2/rc.img"" border=""0""/></a><br/><a href=""http://da.feedsportal.com/r/216443259056/u/49/f/647410/c/35028/s/41cfc1fe/sc/4/rc/3/rc.htm"" rel=""nofollow""><img src=""http://da.feedsportal.com/r/216443259056/u/49/f/647410/c/35028/s/41cfc1fe/sc/4/rc/3/rc.img"" border=""0""/></a><br/><br/><a href=""http://da.feedsportal.com/r/216443259056/u/49/f/647410/c/35028/s/41cfc1fe/sc/4/a2.htm""><img src=""http://da.feedsportal.com/r/216443259056/u/49/f/647410/c/35028/s/41cfc1fe/sc/4/a2.img"" border=""0""/></a><img width=""1"" height=""1"" src=""http://pi.feedsportal.com/r/216443259056/u/49/f/647410/c/35028/s/41cfc1fe/sc/4/a2t.img"" border=""0""/><img src=""//feeds.feedburner.com/~r/Slashdot/slashdot/~4/5Lwr1qG4Kf4"" height=""1"" width=""1"" alt=""""/>"
Half-Moon Makes Dramatic Pass at Uranus Tonight (Universe Today),,"Sunlight. Moonlight. Starlight. I saw all three for the first time in weeks
yesterday. Filled with photons, I feel lighter today, less burdened. Have you
been under the clouds too? Let's hope it's clear tonight because there's a
nice event you'll want to see if only because it's so effortless. The half-
moon will pass very close to […]

"
Hubble Reveals a Previously Unknown Dwarf Galaxy Just 7 Million Light Years Away,http://rss.slashdot.org/~r/Slashdot/slashdot/~3/O8sFKDo9oFM/story01.htm,"The L.A. Times reports that the Hubble Space Telescope's ongoing survey work has discovered a dwarf universe a mere 7 million light years away: While only just recently discovered using Hubble's Advanced Camera for Surveys, the galaxy known as KKs3 has been around for a long while. Astronomers led by Igor Karachentsev of the Special Astrophysical Observatory in Karachai-Cherkessia, Russia, showed that some 74% of KKs3&rsquo;s star mass was formed in the universe&rsquo;s early years, at least 12 billion years ago. Most of the tiny galaxy&rsquo;s stars are old and dim, making it a fascinating fossil that could help astronomers understand what ancient galactic environments looked like.<p><div class=""share_submission"" style=""position:relative;""> <a class=""slashpop"" href=""http://twitter.com/home?status=Hubble+Reveals+a+Previously+Unknown+Dwarf+Galaxy+Just+7+Million+Light+Years+Away%3A+http%3A%2F%2Fbit.ly%2F1zoAjaR""><img src=""http://a.fsdn.com/sd/twitter_icon_large.png""></a> <a class=""slashpop"" href=""http://www.facebook.com/sharer.php?u=http%3A%2F%2Fscience.slashdot.org%2Fstory%2F14%2F12%2F27%2F1843232%2Fhubble-reveals-a-previously-unknown-dwarf-galaxy-just-7-million-light-years-away%3Futm_source%3Dslashdot%26utm_medium%3Dfacebook""><img src=""http://a.fsdn.com/sd/facebook_icon_large.png""></a> <a class=""nobg"" href=""http://plus.google.com/share?url=http://science.slashdot.org/story/14/12/27/1843232/hubble-reveals-a-previously-unknown-dwarf-galaxy-just-7-million-light-years-away?utm_source=slashdot&amp;utm_medium=googleplus"" onclick=""javascript:window.open(this.href,'', 'menubar=no,toolbar=no,resizable=yes,scrollbars=yes,height=600,width=600');return false;""><img src=""http://www.gstatic.com/images/icons/gplus-16.png"" alt=""Share on Google+""/></a> </div></p><p><a href=""http://science.slashdot.org/story/14/12/27/1843232/hubble-reveals-a-previously-unknown-dwarf-galaxy-just-7-million-light-years-away?utm_source=rss1.0moreanon&amp;utm_medium=feed"">Read more of this story</a> at Slashdot.</p><iframe src=""http://slashdot.org/slashdot-it.pl?op=discuss&amp;id=6545603&amp;smallembed=1"" style=""height: 300px; width: 100%; border: none;""></iframe><img width='1' height='1' src='http://slashdot.feedsportal.com/c/35028/f/647410/s/41cf8a6c/sc/21/mf.gif' border='0'/><br clear='all'/><br/><br/><a href=""http://da.feedsportal.com/r/216443306873/u/49/f/647410/c/35028/s/41cf8a6c/sc/21/rc/1/rc.htm"" rel=""nofollow""><img src=""http://da.feedsportal.com/r/216443306873/u/49/f/647410/c/35028/s/41cf8a6c/sc/21/rc/1/rc.img"" border=""0""/></a><br/><a href=""http://da.feedsportal.com/r/216443306873/u/49/f/647410/c/35028/s/41cf8a6c/sc/21/rc/2/rc.htm"" rel=""nofollow""><img src=""http://da.feedsportal.com/r/216443306873/u/49/f/647410/c/35028/s/41cf8a6c/sc/21/rc/2/rc.img"" border=""0""/></a><br/><a href=""http://da.feedsportal.com/r/216443306873/u/49/f/647410/c/35028/s/41cf8a6c/sc/21/rc/3/rc.htm"" rel=""nofollow""><img src=""http://da.feedsportal.com/r/216443306873/u/49/f/647410/c/35028/s/41cf8a6c/sc/21/rc/3/rc.img"" border=""0""/></a><br/><br/><a href=""http://da.feedsportal.com/r/216443306873/u/49/f/647410/c/35028/s/41cf8a6c/sc/21/a2.htm""><img src=""http://da.feedsportal.com/r/216443306873/u/49/f/647410/c/35028/s/41cf8a6c/sc/21/a2.img"" border=""0""/></a><img width=""1"" height=""1"" src=""http://pi.feedsportal.com/r/216443306873/u/49/f/647410/c/35028/s/41cf8a6c/sc/21/a2t.img"" border=""0""/><img src=""//feeds.feedburner.com/~r/Slashdot/slashdot/~4/O8sFKDo9oFM"" height=""1"" width=""1"" alt=""""/>"
Know Your Type: Five Mechanical Keyboards Compared,http://rss.slashdot.org/~r/Slashdot/slashdot/~3/-Zey60JvXLE/story01.htm,"MojoKid writes As a power user, you notice certain things that the average person might not. One of those is the difference between typing on a sweet mechanical keyboard with luxurious key action, versus pounding away on a run-of-the-mill squishy plank that relies on membrane switches to register your keystrokes. The difference may seem subtle to the uninitiated, though even casual typists can recognize that there's something inherently superior about a mechanical keyboard. Of course, it's the mechanical key switches that are responsible for elevating the typing experience. These are better than the rubber domes found in membrane keyboards in a number of ways, including feel, responsiveness, and durability. Mechanical keyboards are growing in popularity, as word is spreading about how good they are. In turn, keyboard manufacturers have responded by feeding more mechanical models into what was once a niche market. If you go out in search of a mechanical keyboard, you'll now find a mountain of options. This roundup further reinforced something we've known for a long time, which is that mechanical keyboards are the superior choice for both gaming and daily typing chores. That doesn't mean they're all created equal &mdash; there are different key switches to choose from, and features vary from one plank to the next. The choice of key switch type is highly subjective but we can say that Cherry MX key switches are indeed of higher quality than knock-offs like the Kailh switch. That's not to say Kailh switches are bad, just that you can discern a difference when going from one to the other.<p><div class=""share_submission"" style=""position:relative;""> <a class=""slashpop"" href=""http://twitter.com/home?status=Know+Your+Type%3A+Five+Mechanical+Keyboards+Compared%3A+http%3A%2F%2Fbit.ly%2F1zKSDAk""><img src=""http://a.fsdn.com/sd/twitter_icon_large.png""></a> <a class=""slashpop"" href=""http://www.facebook.com/sharer.php?u=http%3A%2F%2Fhardware.slashdot.org%2Fstory%2F14%2F12%2F28%2F0142211%2Fknow-your-type-five-mechanical-keyboards-compared%3Futm_source%3Dslashdot%26utm_medium%3Dfacebook""><img src=""http://a.fsdn.com/sd/facebook_icon_large.png""></a> <a class=""nobg"" href=""http://plus.google.com/share?url=http://hardware.slashdot.org/story/14/12/28/0142211/know-your-type-five-mechanical-keyboards-compared?utm_source=slashdot&amp;utm_medium=googleplus"" onclick=""javascript:window.open(this.href,'', 'menubar=no,toolbar=no,resizable=yes,scrollbars=yes,height=600,width=600');return false;""><img src=""http://www.gstatic.com/images/icons/gplus-16.png"" alt=""Share on Google+""/></a> </div></p><p><a href=""http://hardware.slashdot.org/story/14/12/28/0142211/know-your-type-five-mechanical-keyboards-compared?utm_source=rss1.0moreanon&amp;utm_medium=feed"">Read more of this story</a> at Slashdot.</p><iframe src=""http://slashdot.org/slashdot-it.pl?op=discuss&amp;id=6547287&amp;smallembed=1"" style=""height: 300px; width: 100%; border: none;""></iframe><img width='1' height='1' src='http://slashdot.feedsportal.com/c/35028/f/647410/s/41d1d901/sc/4/mf.gif' border='0'/><br clear='all'/><br/><br/><a href=""http://da.feedsportal.com/r/216443270356/u/49/f/647410/c/35028/s/41d1d901/sc/4/rc/1/rc.htm"" rel=""nofollow""><img src=""http://da.feedsportal.com/r/216443270356/u/49/f/647410/c/35028/s/41d1d901/sc/4/rc/1/rc.img"" border=""0""/></a><br/><a href=""http://da.feedsportal.com/r/216443270356/u/49/f/647410/c/35028/s/41d1d901/sc/4/rc/2/rc.htm"" rel=""nofollow""><img src=""http://da.feedsportal.com/r/216443270356/u/49/f/647410/c/35028/s/41d1d901/sc/4/rc/2/rc.img"" border=""0""/></a><br/><a href=""http://da.feedsportal.com/r/216443270356/u/49/f/647410/c/35028/s/41d1d901/sc/4/rc/3/rc.htm"" rel=""nofollow""><img src=""http://da.feedsportal.com/r/216443270356/u/49/f/647410/c/35028/s/41d1d901/sc/4/rc/3/rc.img"" border=""0""/></a><br/><br/><a href=""http://da.feedsportal.com/r/216443270356/u/49/f/647410/c/35028/s/41d1d901/sc/4/a2.htm""><img src=""http://da.feedsportal.com/r/216443270356/u/49/f/647410/c/35028/s/41d1d901/sc/4/a2.img"" border=""0""/></a><img width=""1"" height=""1"" src=""http://pi.feedsportal.com/r/216443270356/u/49/f/647410/c/35028/s/41d1d901/sc/4/a2t.img"" border=""0""/><img src=""//feeds.feedburner.com/~r/Slashdot/slashdot/~4/-Zey60JvXLE"" height=""1"" width=""1"" alt=""""/>"
NASA’s Asteroid Retrieval Mission Faces Criticism (Scientific American),,"The agency's proposed human trip to a space rock has a bumpy road ahead


-- Read more on ScientificAmerican.com

"
New Proposed Path for Manned Trips to Mars: Let Mars' Gravity Capture Spacecraft,http://rss.slashdot.org/~r/Slashdot/slashdot/~3/K_erOvhZzUQ/story01.htm,"As illustrated in this article at io9.com, the conventional method considered for launching a manned craft to Mars might make less sense, even if it takes less time, than a more complicated but more efficient means akin to a method that's been already been successfully used to minimize the amount of fuel used in exploring both within and beyond the solar system. Known as the ""Hohmann Transfer"" method, this type of maneuver is known to be effective. But it is also quite expensive and relies very heavily on timing. Hence why a new idea is being proposed which would involve sending the spacecraft out ahead of Mars' orbital path and then waiting for Mars to come on by and scoop it up. This is what is known as ""Ballistic Capture"", a new technique proposed by Professor Francesco Topputo of the Polytechnic Institute of Milan and Edward Belbruno, a visiting associated researcher at Princeton University and former member of NASA's Jet Propulsion Laboratory. In their research paper, which was published in arXiv Astrophysics in late October, they outlined the benefits of this method versus traditional ones. In addition to cutting fuel costs, ballistic capture would also provide some flexibility when it comes to launch windows.<p><div class=""share_submission"" style=""position:relative;""> <a class=""slashpop"" href=""http://twitter.com/home?status=New+Proposed+Path+for+Manned+Trips+to+Mars%3A+Let+Mars'+Gravity+Capture+Spacecraft%3A+http%3A%2F%2Fbit.ly%2F1xqR8ny""><img src=""http://a.fsdn.com/sd/twitter_icon_large.png""></a> <a class=""slashpop"" href=""http://www.facebook.com/sharer.php?u=http%3A%2F%2Fscience.slashdot.org%2Fstory%2F14%2F12%2F28%2F1958254%2Fnew-proposed-path-for-manned-trips-to-mars-let-mars-gravity-capture-spacecraft%3Futm_source%3Dslashdot%26utm_medium%3Dfacebook""><img src=""http://a.fsdn.com/sd/facebook_icon_large.png""></a> <a class=""nobg"" href=""http://plus.google.com/share?url=http://science.slashdot.org/story/14/12/28/1958254/new-proposed-path-for-manned-trips-to-mars-let-mars-gravity-capture-spacecraft?utm_source=slashdot&amp;utm_medium=googleplus"" onclick=""javascript:window.open(this.href,'', 'menubar=no,toolbar=no,resizable=yes,scrollbars=yes,height=600,width=600');return false;""><img src=""http://www.gstatic.com/images/icons/gplus-16.png"" alt=""Share on Google+""/></a> </div></p><p><a href=""http://science.slashdot.org/story/14/12/28/1958254/new-proposed-path-for-manned-trips-to-mars-let-mars-gravity-capture-spacecraft?utm_source=rss1.0moreanon&amp;utm_medium=feed"">Read more of this story</a> at Slashdot.</p><iframe src=""http://slashdot.org/slashdot-it.pl?op=discuss&amp;id=6550843&amp;smallembed=1"" style=""height: 300px; width: 100%; border: none;""></iframe><img width='1' height='1' src='http://slashdot.feedsportal.com/c/35028/f/647410/s/41d4722f/sc/36/mf.gif' border='0'/><br clear='all'/><br/><br/><a href=""http://da.feedsportal.com/r/216443277456/u/49/f/647410/c/35028/s/41d4722f/sc/36/rc/1/rc.htm"" rel=""nofollow""><img src=""http://da.feedsportal.com/r/216443277456/u/49/f/647410/c/35028/s/41d4722f/sc/36/rc/1/rc.img"" border=""0""/></a><br/><a href=""http://da.feedsportal.com/r/216443277456/u/49/f/647410/c/35028/s/41d4722f/sc/36/rc/2/rc.htm"" rel=""nofollow""><img src=""http://da.feedsportal.com/r/216443277456/u/49/f/647410/c/35028/s/41d4722f/sc/36/rc/2/rc.img"" border=""0""/></a><br/><a href=""http://da.feedsportal.com/r/216443277456/u/49/f/647410/c/35028/s/41d4722f/sc/36/rc/3/rc.htm"" rel=""nofollow""><img src=""http://da.feedsportal.com/r/216443277456/u/49/f/647410/c/35028/s/41d4722f/sc/36/rc/3/rc.img"" border=""0""/></a><br/><br/><a href=""http://da.feedsportal.com/r/216443277456/u/49/f/647410/c/35028/s/41d4722f/sc/36/a2.htm""><img src=""http://da.feedsportal.com/r/216443277456/u/49/f/647410/c/35028/s/41d4722f/sc/36/a2.img"" border=""0""/></a><img width=""1"" height=""1"" src=""http://pi.feedsportal.com/r/216443277456/u/49/f/647410/c/35028/s/41d4722f/sc/36/a2t.img"" border=""0""/><img src=""//feeds.feedburner.com/~r/Slashdot/slashdot/~4/K_erOvhZzUQ"" height=""1"" width=""1"" alt=""""/>"
Phoronix Lauds AMD's Open Source Radeon Driver Progress For 2014,http://rss.slashdot.org/~r/Slashdot/slashdot/~3/tQQvoZsJjRc/story01.htm,"Phoronix has taken an in-depth look at progress on AMD's open source Radeon driver, and declares 2014 to have been a good year. There are several pages with detailed benchmarks, but the upshot is overwhelmingly positive: Across the board there's huge performance improvements to find out of the open-source AMD Linux graphics driver when comparing the state at the end of 2013 to the current code at the end of this year. The performance improvements and new features presented (among them are OpenMAX / AMD video encode, UVD for older AMD GPUs, various new OpenGL extensions, continued work on OpenCL, power management improvements, and the start of open-source HSA) has been nothing short of incredible. Most of the new work benefits the Radeon HD 7000 series and newer (GCN) GPUs the most but these tests showed the Radeon HD 6000 series still improving too. ... Coming up before the end of the year will be a fresh comparison of these open-source Radeon driver results compared to the newest proprietary AMD Catalyst Linux graphics driver.<p><div class=""share_submission"" style=""position:relative;""> <a class=""slashpop"" href=""http://twitter.com/home?status=Phoronix+Lauds+AMD's+Open+Source+Radeon+Driver+Progress+For+2014%3A+http%3A%2F%2Fbit.ly%2F1D0XYlk""><img src=""http://a.fsdn.com/sd/twitter_icon_large.png""></a> <a class=""slashpop"" href=""http://www.facebook.com/sharer.php?u=http%3A%2F%2Fhardware.slashdot.org%2Fstory%2F14%2F12%2F27%2F2234222%2Fphoronix-lauds-amds-open-source-radeon-driver-progress-for-2014%3Futm_source%3Dslashdot%26utm_medium%3Dfacebook""><img src=""http://a.fsdn.com/sd/facebook_icon_large.png""></a> <a class=""nobg"" href=""http://plus.google.com/share?url=http://hardware.slashdot.org/story/14/12/27/2234222/phoronix-lauds-amds-open-source-radeon-driver-progress-for-2014?utm_source=slashdot&amp;utm_medium=googleplus"" onclick=""javascript:window.open(this.href,'', 'menubar=no,toolbar=no,resizable=yes,scrollbars=yes,height=600,width=600');return false;""><img src=""http://www.gstatic.com/images/icons/gplus-16.png"" alt=""Share on Google+""/></a> </div></p><p><a href=""http://hardware.slashdot.org/story/14/12/27/2234222/phoronix-lauds-amds-open-source-radeon-driver-progress-for-2014?utm_source=rss1.0moreanon&amp;utm_medium=feed"">Read more of this story</a> at Slashdot.</p><iframe src=""http://slashdot.org/slashdot-it.pl?op=discuss&amp;id=6546445&amp;smallembed=1"" style=""height: 300px; width: 100%; border: none;""></iframe><img width='1' height='1' src='http://slashdot.feedsportal.com/c/35028/f/647410/s/41d036b2/sc/4/mf.gif' border='0'/><br clear='all'/><br/><br/><a href=""http://da.feedsportal.com/r/216443261857/u/49/f/647410/c/35028/s/41d036b2/sc/4/rc/1/rc.htm"" rel=""nofollow""><img src=""http://da.feedsportal.com/r/216443261857/u/49/f/647410/c/35028/s/41d036b2/sc/4/rc/1/rc.img"" border=""0""/></a><br/><a href=""http://da.feedsportal.com/r/216443261857/u/49/f/647410/c/35028/s/41d036b2/sc/4/rc/2/rc.htm"" rel=""nofollow""><img src=""http://da.feedsportal.com/r/216443261857/u/49/f/647410/c/35028/s/41d036b2/sc/4/rc/2/rc.img"" border=""0""/></a><br/><a href=""http://da.feedsportal.com/r/216443261857/u/49/f/647410/c/35028/s/41d036b2/sc/4/rc/3/rc.htm"" rel=""nofollow""><img src=""http://da.feedsportal.com/r/216443261857/u/49/f/647410/c/35028/s/41d036b2/sc/4/rc/3/rc.img"" border=""0""/></a><br/><br/><a href=""http://da.feedsportal.com/r/216443261857/u/49/f/647410/c/35028/s/41d036b2/sc/4/a2.htm""><img src=""http://da.feedsportal.com/r/216443261857/u/49/f/647410/c/35028/s/41d036b2/sc/4/a2.img"" border=""0""/></a><img width=""1"" height=""1"" src=""http://pi.feedsportal.com/r/216443261857/u/49/f/647410/c/35028/s/41d036b2/sc/4/a2t.img"" border=""0""/><img src=""//feeds.feedburner.com/~r/Slashdot/slashdot/~4/tQQvoZsJjRc"" height=""1"" width=""1"" alt=""""/>"
Santa Traditions Around the World (Scientific American),,"Earlier this week, I shared a link on Twitter to a piece on Brain Pickings on
how anthropologist Margaret Mead suggested we talk to children about Santa
Claus: Belief in Santa Claus becomes a problem...


-- Read more on ScientificAmerican.com

"
"School Defied Google and US Government, Let Boys Program White House Xmas Trees",http://rss.slashdot.org/~r/Slashdot/slashdot/~3/9ftJzPRV0ZE/story01.htm,"theodp writes This holiday season, Google and the National Parks partnered to let girls program the White House Christmas tree lights. While the initiative earned kudos in Fast Company's 9 Giant Leaps For Women In Science and Technology In 2014, it also prompted an act of civil disobedience of sorts from St. Augustine of Canterbury School, which decided Google and the U.S. government wouldn't determine which of their kids would be allowed to participate in the coding event. ""We decided to open it up to all our students, both boys and girls so that they could be a part of such an historic event, and have it be the kickoff to our Hour of Code week,"" explained Debra Knox, a technology teacher at St. Augustine.<p><div class=""share_submission"" style=""position:relative;""> <a class=""slashpop"" href=""http://twitter.com/home?status=School+Defied+Google+and+US+Government%2C+Let+Boys+Program+White+House+Xmas+Trees%3A+http%3A%2F%2Fbit.ly%2F1xsA5V4""><img src=""http://a.fsdn.com/sd/twitter_icon_large.png""></a> <a class=""slashpop"" href=""http://www.facebook.com/sharer.php?u=http%3A%2F%2Fdevelopers.slashdot.org%2Fstory%2F14%2F12%2F28%2F2151253%2Fschool-defied-google-and-us-government-let-boys-program-white-house-xmas-trees%3Futm_source%3Dslashdot%26utm_medium%3Dfacebook""><img src=""http://a.fsdn.com/sd/facebook_icon_large.png""></a> <a class=""nobg"" href=""http://plus.google.com/share?url=http://developers.slashdot.org/story/14/12/28/2151253/school-defied-google-and-us-government-let-boys-program-white-house-xmas-trees?utm_source=slashdot&amp;utm_medium=googleplus"" onclick=""javascript:window.open(this.href,'', 'menubar=no,toolbar=no,resizable=yes,scrollbars=yes,height=600,width=600');return false;""><img src=""http://www.gstatic.com/images/icons/gplus-16.png"" alt=""Share on Google+""/></a> </div></p><p><a href=""http://developers.slashdot.org/story/14/12/28/2151253/school-defied-google-and-us-government-let-boys-program-white-house-xmas-trees?utm_source=rss1.0moreanon&amp;utm_medium=feed"">Read more of this story</a> at Slashdot.</p><iframe src=""http://slashdot.org/slashdot-it.pl?op=discuss&amp;id=6551075&amp;smallembed=1"" style=""height: 300px; width: 100%; border: none;""></iframe><img width='1' height='1' src='http://slashdot.feedsportal.com/c/35028/f/647410/s/41d4e875/sc/1/mf.gif' border='0'/><br clear='all'/><br/><br/><a href=""http://da.feedsportal.com/r/216443287351/u/49/f/647410/c/35028/s/41d4e875/sc/1/rc/1/rc.htm"" rel=""nofollow""><img src=""http://da.feedsportal.com/r/216443287351/u/49/f/647410/c/35028/s/41d4e875/sc/1/rc/1/rc.img"" border=""0""/></a><br/><a href=""http://da.feedsportal.com/r/216443287351/u/49/f/647410/c/35028/s/41d4e875/sc/1/rc/2/rc.htm"" rel=""nofollow""><img src=""http://da.feedsportal.com/r/216443287351/u/49/f/647410/c/35028/s/41d4e875/sc/1/rc/2/rc.img"" border=""0""/></a><br/><a href=""http://da.feedsportal.com/r/216443287351/u/49/f/647410/c/35028/s/41d4e875/sc/1/rc/3/rc.htm"" rel=""nofollow""><img src=""http://da.feedsportal.com/r/216443287351/u/49/f/647410/c/35028/s/41d4e875/sc/1/rc/3/rc.img"" border=""0""/></a><br/><br/><a href=""http://da.feedsportal.com/r/216443287351/u/49/f/647410/c/35028/s/41d4e875/sc/1/a2.htm""><img src=""http://da.feedsportal.com/r/216443287351/u/49/f/647410/c/35028/s/41d4e875/sc/1/a2.img"" border=""0""/></a><img width=""1"" height=""1"" src=""http://pi.feedsportal.com/r/216443287351/u/49/f/647410/c/35028/s/41d4e875/sc/1/a2t.img"" border=""0""/><img src=""//feeds.feedburner.com/~r/Slashdot/slashdot/~4/9ftJzPRV0ZE"" height=""1"" width=""1"" alt=""""/>"
Snowden Documents Show How Well NSA Codebreakers Can Pry,http://rss.slashdot.org/~r/Slashdot/slashdot/~3/h9JmX7yZcY0/story01.htm,"Der Spiegel has published today an excellent summary of what some of Edward Snowden's revelations show about the difficulty (or, generally, ease) with which the NSA and collaborating intelligence services can track, decrypt, and correlate different means of online communication. An interesting slice: The NSA and its allies routinely intercept [HTTPS] connections -- by the millions. According to an NSA document, the agency intended to crack 10 million intercepted https connections a day by late 2012. The intelligence services are particularly interested in the moment when a user types his or her password. By the end of 2012, the system was supposed to be able to ""detect the presence of at least 100 password based encryption applications"" in each instance some 20,000 times a month. For its part, Britain's GCHQ collects information about encryption using the TLS and SSL protocols -- the protocols https connections are encrypted with -- in a database called ""FLYING PIG."" The British spies produce weekly ""trends reports"" to catalog which services use the most SSL connections and save details about those connections. Sites like Facebook, Twitter, Hotmail, Yahoo and Apple's iCloud service top the charts, and the number of catalogued SSL connections for one week is in the many billions -- for the top 40 sites alone. ... The NSA also has a program with which it claims it can sometimes decrypt the Secure Shell protocol (SSH). This is typically used by systems administrators to log into employees' computers remotely, largely for use in the infrastructure of businesses, core Internet routers and other similarly important systems. The NSA combines the data collected in this manner with other information to leverage access to important systems of interest.<p><div class=""share_submission"" style=""position:relative;""> <a class=""slashpop"" href=""http://twitter.com/home?status=Snowden+Documents+Show+How+Well+NSA+Codebreakers+Can+Pry%3A+http%3A%2F%2Fbit.ly%2F1AcyFNL""><img src=""http://a.fsdn.com/sd/twitter_icon_large.png""></a> <a class=""slashpop"" href=""http://www.facebook.com/sharer.php?u=http%3A%2F%2Fyro.slashdot.org%2Fstory%2F14%2F12%2F28%2F2054228%2Fsnowden-documents-show-how-well-nsa-codebreakers-can-pry%3Futm_source%3Dslashdot%26utm_medium%3Dfacebook""><img src=""http://a.fsdn.com/sd/facebook_icon_large.png""></a> <a class=""nobg"" href=""http://plus.google.com/share?url=http://yro.slashdot.org/story/14/12/28/2054228/snowden-documents-show-how-well-nsa-codebreakers-can-pry?utm_source=slashdot&amp;utm_medium=googleplus"" onclick=""javascript:window.open(this.href,'', 'menubar=no,toolbar=no,resizable=yes,scrollbars=yes,height=600,width=600');return false;""><img src=""http://www.gstatic.com/images/icons/gplus-16.png"" alt=""Share on Google+""/></a> </div></p><p><a href=""http://yro.slashdot.org/story/14/12/28/2054228/snowden-documents-show-how-well-nsa-codebreakers-can-pry?utm_source=rss1.0moreanon&amp;utm_medium=feed"">Read more of this story</a> at Slashdot.</p><iframe src=""http://slashdot.org/slashdot-it.pl?op=discuss&amp;id=6550977&amp;smallembed=1"" style=""height: 300px; width: 100%; border: none;""></iframe><img width='1' height='1' src='http://slashdot.feedsportal.com/c/35028/f/647410/s/41d43532/sc/46/mf.gif' border='0'/><br clear='all'/><br/><br/><a href=""http://da.feedsportal.com/r/216443279740/u/49/f/647410/c/35028/s/41d43532/sc/46/rc/1/rc.htm"" rel=""nofollow""><img src=""http://da.feedsportal.com/r/216443279740/u/49/f/647410/c/35028/s/41d43532/sc/46/rc/1/rc.img"" border=""0""/></a><br/><a href=""http://da.feedsportal.com/r/216443279740/u/49/f/647410/c/35028/s/41d43532/sc/46/rc/2/rc.htm"" rel=""nofollow""><img src=""http://da.feedsportal.com/r/216443279740/u/49/f/647410/c/35028/s/41d43532/sc/46/rc/2/rc.img"" border=""0""/></a><br/><a href=""http://da.feedsportal.com/r/216443279740/u/49/f/647410/c/35028/s/41d43532/sc/46/rc/3/rc.htm"" rel=""nofollow""><img src=""http://da.feedsportal.com/r/216443279740/u/49/f/647410/c/35028/s/41d43532/sc/46/rc/3/rc.img"" border=""0""/></a><br/><br/><a href=""http://da.feedsportal.com/r/216443279740/u/49/f/647410/c/35028/s/41d43532/sc/46/a2.htm""><img src=""http://da.feedsportal.com/r/216443279740/u/49/f/647410/c/35028/s/41d43532/sc/46/a2.img"" border=""0""/></a><img width=""1"" height=""1"" src=""http://pi.feedsportal.com/r/216443279740/u/49/f/647410/c/35028/s/41d43532/sc/46/a2t.img"" border=""0""/><img src=""//feeds.feedburner.com/~r/Slashdot/slashdot/~4/h9JmX7yZcY0"" height=""1"" width=""1"" alt=""""/>"
"Sony Accused of Pirating Music In ""The Interview""",http://rss.slashdot.org/~r/Slashdot/slashdot/~3/jTgY251NGb0/story01.htm,"the simurgh writes As the controversy surrounding Sony's handling of it's hack, the movie The Interview and it's aftermath continues, a singer is claiming that after failing to reach terms with Sony, the company put her music in the movie anyway. Yoon Mi-rae (real name Natasha Shanta Reid) is a US-born hip hop and R&amp;B singer who currently releases music on the Feel Ghood Music label. she and her label claim that her track we learned that the track 'Pay Day' has been used without permission, legal procedure, or contracts.<p><div class=""share_submission"" style=""position:relative;""> <a class=""slashpop"" href=""http://twitter.com/home?status=Sony+Accused+of+Pirating+Music+In+%22The+Interview%22%3A+http%3A%2F%2Fbit.ly%2F1xYVsgv""><img src=""http://a.fsdn.com/sd/twitter_icon_large.png""></a> <a class=""slashpop"" href=""http://www.facebook.com/sharer.php?u=http%3A%2F%2Fyro.slashdot.org%2Fstory%2F14%2F12%2F28%2F1429217%2Fsony-accused-of-pirating-music-in-the-interview%3Futm_source%3Dslashdot%26utm_medium%3Dfacebook""><img src=""http://a.fsdn.com/sd/facebook_icon_large.png""></a> <a class=""nobg"" href=""http://plus.google.com/share?url=http://yro.slashdot.org/story/14/12/28/1429217/sony-accused-of-pirating-music-in-the-interview?utm_source=slashdot&amp;utm_medium=googleplus"" onclick=""javascript:window.open(this.href,'', 'menubar=no,toolbar=no,resizable=yes,scrollbars=yes,height=600,width=600');return false;""><img src=""http://www.gstatic.com/images/icons/gplus-16.png"" alt=""Share on Google+""/></a> </div></p><p><a href=""http://yro.slashdot.org/story/14/12/28/1429217/sony-accused-of-pirating-music-in-the-interview?utm_source=rss1.0moreanon&amp;utm_medium=feed"">Read more of this story</a> at Slashdot.</p><iframe src=""http://slashdot.org/slashdot-it.pl?op=discuss&amp;id=6549751&amp;smallembed=1"" style=""height: 300px; width: 100%; border: none;""></iframe><img width='1' height='1' src='http://slashdot.feedsportal.com/c/35028/f/647410/s/41d32b40/sc/28/mf.gif' border='0'/><br clear='all'/><br/><br/><a href=""http://da.feedsportal.com/r/216443330811/u/49/f/647410/c/35028/s/41d32b40/sc/28/rc/1/rc.htm"" rel=""nofollow""><img src=""http://da.feedsportal.com/r/216443330811/u/49/f/647410/c/35028/s/41d32b40/sc/28/rc/1/rc.img"" border=""0""/></a><br/><a href=""http://da.feedsportal.com/r/216443330811/u/49/f/647410/c/35028/s/41d32b40/sc/28/rc/2/rc.htm"" rel=""nofollow""><img src=""http://da.feedsportal.com/r/216443330811/u/49/f/647410/c/35028/s/41d32b40/sc/28/rc/2/rc.img"" border=""0""/></a><br/><a href=""http://da.feedsportal.com/r/216443330811/u/49/f/647410/c/35028/s/41d32b40/sc/28/rc/3/rc.htm"" rel=""nofollow""><img src=""http://da.feedsportal.com/r/216443330811/u/49/f/647410/c/35028/s/41d32b40/sc/28/rc/3/rc.img"" border=""0""/></a><br/><br/><a href=""http://da.feedsportal.com/r/216443330811/u/49/f/647410/c/35028/s/41d32b40/sc/28/a2.htm""><img src=""http://da.feedsportal.com/r/216443330811/u/49/f/647410/c/35028/s/41d32b40/sc/28/a2.img"" border=""0""/></a><img width=""1"" height=""1"" src=""http://pi.feedsportal.com/r/216443330811/u/49/f/647410/c/35028/s/41d32b40/sc/28/a2t.img"" border=""0""/><img src=""//feeds.feedburner.com/~r/Slashdot/slashdot/~4/jTgY251NGb0"" height=""1"" width=""1"" alt=""""/>"
Sony Hack Reveals MPAA's Big '$80 Million' Settlement With Hotfile Was a Lie,http://rss.slashdot.org/~r/Slashdot/slashdot/~3/cjZmPSLSfmU/story01.htm,"An anonymous reader writes with this excerpt from Tech Dirt: For years, we've pointed out that the giant 'settlements' that the MPAA likes to announce with companies it declares illegal are little more than Hollywood-style fabrications. Cases are closed with big press releases throwing around huge settlement numbers, knowing full well that the sites in question don't have anywhere near that kind of money available. At the end of 2013, it got two of these, with IsoHunt agreeing to 'pay' $110 million and Hotfile agreeing to 'pay' $80 million. In both cases, we noted that there was no chance that those sums would ever get paid. And now, thanks to the Sony hack, we at least know the details of the Hotfile settlement. TorrentFreak has been combing through the emails and found that the Hotfile settlement was really just for $4 million, and the $80 million was just a bogus number agreed to for the sake of a press release that the MPAA could use to intimidate others.<p><div class=""share_submission"" style=""position:relative;""> <a class=""slashpop"" href=""http://twitter.com/home?status=Sony+Hack+Reveals+MPAA's+Big+'%2480+Million'+Settlement+With+Hotfile+Was+a+Lie%3A+http%3A%2F%2Fbit.ly%2F1AcFpex""><img src=""http://a.fsdn.com/sd/twitter_icon_large.png""></a> <a class=""slashpop"" href=""http://www.facebook.com/sharer.php?u=http%3A%2F%2Fyro.slashdot.org%2Fstory%2F14%2F12%2F28%2F2331219%2Fsony-hack-reveals-mpaas-big-80-million-settlement-with-hotfile-was-a-lie%3Futm_source%3Dslashdot%26utm_medium%3Dfacebook""><img src=""http://a.fsdn.com/sd/facebook_icon_large.png""></a> <a class=""nobg"" href=""http://plus.google.com/share?url=http://yro.slashdot.org/story/14/12/28/2331219/sony-hack-reveals-mpaas-big-80-million-settlement-with-hotfile-was-a-lie?utm_source=slashdot&amp;utm_medium=googleplus"" onclick=""javascript:window.open(this.href,'', 'menubar=no,toolbar=no,resizable=yes,scrollbars=yes,height=600,width=600');return false;""><img src=""http://www.gstatic.com/images/icons/gplus-16.png"" alt=""Share on Google+""/></a> </div></p><p><a href=""http://yro.slashdot.org/story/14/12/28/2331219/sony-hack-reveals-mpaas-big-80-million-settlement-with-hotfile-was-a-lie?utm_source=rss1.0moreanon&amp;utm_medium=feed"">Read more of this story</a> at Slashdot.</p><iframe src=""http://slashdot.org/slashdot-it.pl?op=discuss&amp;id=6551235&amp;smallembed=1"" style=""height: 300px; width: 100%; border: none;""></iframe><img width='1' height='1' src='http://slashdot.feedsportal.com/c/35028/f/647410/s/41d4ef01/sc/36/mf.gif' border='0'/><br clear='all'/><br/><br/><a href=""http://da.feedsportal.com/r/216443288260/u/49/f/647410/c/35028/s/41d4ef01/sc/36/rc/1/rc.htm"" rel=""nofollow""><img src=""http://da.feedsportal.com/r/216443288260/u/49/f/647410/c/35028/s/41d4ef01/sc/36/rc/1/rc.img"" border=""0""/></a><br/><a href=""http://da.feedsportal.com/r/216443288260/u/49/f/647410/c/35028/s/41d4ef01/sc/36/rc/2/rc.htm"" rel=""nofollow""><img src=""http://da.feedsportal.com/r/216443288260/u/49/f/647410/c/35028/s/41d4ef01/sc/36/rc/2/rc.img"" border=""0""/></a><br/><a href=""http://da.feedsportal.com/r/216443288260/u/49/f/647410/c/35028/s/41d4ef01/sc/36/rc/3/rc.htm"" rel=""nofollow""><img src=""http://da.feedsportal.com/r/216443288260/u/49/f/647410/c/35028/s/41d4ef01/sc/36/rc/3/rc.img"" border=""0""/></a><br/><br/><a href=""http://da.feedsportal.com/r/216443288260/u/49/f/647410/c/35028/s/41d4ef01/sc/36/a2.htm""><img src=""http://da.feedsportal.com/r/216443288260/u/49/f/647410/c/35028/s/41d4ef01/sc/36/a2.img"" border=""0""/></a><img width=""1"" height=""1"" src=""http://pi.feedsportal.com/r/216443288260/u/49/f/647410/c/35028/s/41d4ef01/sc/36/a2t.img"" border=""0""/><img src=""//feeds.feedburner.com/~r/Slashdot/slashdot/~4/cjZmPSLSfmU"" height=""1"" width=""1"" alt=""""/>"
"Sony PlayStation Network Back Up Now, Supposedly",http://rss.slashdot.org/~r/Slashdot/slashdot/~3/p20bLnSyekw/story01.htm,"jfruh (300774) writes Sony's PlayStation Network, brought down in a Christmas Day hacking attack, now seems to be back online. Of course, Sony also said the same thing on Saturday, but outages and problems lingered. From the article: At around 1 a.m. U.S. Eastern Time on Sunday, Sony declared its online gaming platform fixed and, as it had done the day before, blamed the problems on a distributed denial of service (DDoS) attack. ... The company jumped the gun early Saturday when it trumpeted that the PlayStation Network was gradually getting back to normal, announcing the good news at around 4 a.m. via its Ask PlayStation Twitter account and triumphantly changing the PlayStation Network status to &ldquo;online&rdquo; in the support website a few hours later.<p><div class=""share_submission"" style=""position:relative;""> <a class=""slashpop"" href=""http://twitter.com/home?status=Sony+PlayStation+Network+Back+Up+Now%2C+Supposedly%3A+http%3A%2F%2Fbit.ly%2F16Y88sK""><img src=""http://a.fsdn.com/sd/twitter_icon_large.png""></a> <a class=""slashpop"" href=""http://www.facebook.com/sharer.php?u=http%3A%2F%2Fgames.slashdot.org%2Fstory%2F14%2F12%2F28%2F1717257%2Fsony-playstation-network-back-up-now-supposedly%3Futm_source%3Dslashdot%26utm_medium%3Dfacebook""><img src=""http://a.fsdn.com/sd/facebook_icon_large.png""></a> <a class=""nobg"" href=""http://plus.google.com/share?url=http://games.slashdot.org/story/14/12/28/1717257/sony-playstation-network-back-up-now-supposedly?utm_source=slashdot&amp;utm_medium=googleplus"" onclick=""javascript:window.open(this.href,'', 'menubar=no,toolbar=no,resizable=yes,scrollbars=yes,height=600,width=600');return false;""><img src=""http://www.gstatic.com/images/icons/gplus-16.png"" alt=""Share on Google+""/></a> </div></p><p><a href=""http://games.slashdot.org/story/14/12/28/1717257/sony-playstation-network-back-up-now-supposedly?utm_source=rss1.0moreanon&amp;utm_medium=feed"">Read more of this story</a> at Slashdot.</p><iframe src=""http://slashdot.org/slashdot-it.pl?op=discuss&amp;id=6550373&amp;smallembed=1"" style=""height: 300px; width: 100%; border: none;""></iframe><img width='1' height='1' src='http://slashdot.feedsportal.com/c/35028/f/647410/s/41d3c880/sc/21/mf.gif' border='0'/><br clear='all'/><br/><br/><a href=""http://da.feedsportal.com/r/216443275770/u/49/f/647410/c/35028/s/41d3c880/sc/21/rc/1/rc.htm"" rel=""nofollow""><img src=""http://da.feedsportal.com/r/216443275770/u/49/f/647410/c/35028/s/41d3c880/sc/21/rc/1/rc.img"" border=""0""/></a><br/><a href=""http://da.feedsportal.com/r/216443275770/u/49/f/647410/c/35028/s/41d3c880/sc/21/rc/2/rc.htm"" rel=""nofollow""><img src=""http://da.feedsportal.com/r/216443275770/u/49/f/647410/c/35028/s/41d3c880/sc/21/rc/2/rc.img"" border=""0""/></a><br/><a href=""http://da.feedsportal.com/r/216443275770/u/49/f/647410/c/35028/s/41d3c880/sc/21/rc/3/rc.htm"" rel=""nofollow""><img src=""http://da.feedsportal.com/r/216443275770/u/49/f/647410/c/35028/s/41d3c880/sc/21/rc/3/rc.img"" border=""0""/></a><br/><br/><a href=""http://da.feedsportal.com/r/216443275770/u/49/f/647410/c/35028/s/41d3c880/sc/21/a2.htm""><img src=""http://da.feedsportal.com/r/216443275770/u/49/f/647410/c/35028/s/41d3c880/sc/21/a2.img"" border=""0""/></a><img width=""1"" height=""1"" src=""http://pi.feedsportal.com/r/216443275770/u/49/f/647410/c/35028/s/41d3c880/sc/21/a2t.img"" border=""0""/><img src=""//feeds.feedburner.com/~r/Slashdot/slashdot/~4/p20bLnSyekw"" height=""1"" width=""1"" alt=""""/>"
Study: Burgeoning Trade in Wild-Cat Products From Burma to China (TIME),,"Clouded leopards were the most common cats surveyed for sale

"
Succulent Science: The Role of Fats in Making a Perfect Pastry (Scientific American),,"A tasty food science task from Science Buddies


-- Read more on ScientificAmerican.com

"
Test Predicts Response to Treatment for Complication of Leukemia Stem Cell Treatment (bioethicscom),,"(Eurekalert) - A new test may reveal which patients will respond to treatment
for graft versus host disease (GVHD), an often life-threatening complication
of stem cell transplants (SCT) used to treat leukemia and other blood
disorders, according to a study … Read More

"
"The Interview Bombs In US, Kills In China, Threatens N. Korea",http://rss.slashdot.org/~r/Slashdot/slashdot/~3/YET7wyTxrTQ/story01.htm,"First time accepted submitter twitnutttt (2958183) writes ""While it has been broadly panned in the U.S. as not very funny, The Interview is surprisingly getting good reviews in China. And the North Korean government's fears of the threat posed by this movie are apparently merited: ""It is powerful because it depicts Kim Jong-un as a vain, buffoonish despot, alternating between threats and weeping that he's been misunderstood. The people around him have all the signs of fear you might expect with a despot &mdash; they second-guess his likes and dislikes. Maybe he &mdash; and they &mdash; were right to fear the film. North Korean defectors sometimes smuggle USB sticks with films and soaps into the closed-off country, and there is a view in the south that these are a particularly powerful means of undermining the regime in Pyongyang. If that's so, The Interview might be a good candidate for inclusion."" If you've seen the movie, and have your own reactions, please label any real spoilers out of courtesy.<p><div class=""share_submission"" style=""position:relative;""> <a class=""slashpop"" href=""http://twitter.com/home?status=The+Interview+Bombs+In+US%2C+Kills+In+China%2C+Threatens+N.+Korea%3A+http%3A%2F%2Fbit.ly%2F1AbQ09w""><img src=""http://a.fsdn.com/sd/twitter_icon_large.png""></a> <a class=""slashpop"" href=""http://www.facebook.com/sharer.php?u=http%3A%2F%2Fpolitics.slashdot.org%2Fstory%2F14%2F12%2F27%2F2137258%2Fthe-interview-bombs-in-us-kills-in-china-threatens-n-korea%3Futm_source%3Dslashdot%26utm_medium%3Dfacebook""><img src=""http://a.fsdn.com/sd/facebook_icon_large.png""></a> <a class=""nobg"" href=""http://plus.google.com/share?url=http://politics.slashdot.org/story/14/12/27/2137258/the-interview-bombs-in-us-kills-in-china-threatens-n-korea?utm_source=slashdot&amp;utm_medium=googleplus"" onclick=""javascript:window.open(this.href,'', 'menubar=no,toolbar=no,resizable=yes,scrollbars=yes,height=600,width=600');return false;""><img src=""http://www.gstatic.com/images/icons/gplus-16.png"" alt=""Share on Google+""/></a> </div></p><p><a href=""http://politics.slashdot.org/story/14/12/27/2137258/the-interview-bombs-in-us-kills-in-china-threatens-n-korea?utm_source=rss1.0moreanon&amp;utm_medium=feed"">Read more of this story</a> at Slashdot.</p><iframe src=""http://slashdot.org/slashdot-it.pl?op=discuss&amp;id=6546305&amp;smallembed=1"" style=""height: 300px; width: 100%; border: none;""></iframe><img width='1' height='1' src='http://slashdot.feedsportal.com/c/35028/f/647410/s/41cfd598/sc/8/mf.gif' border='0'/><br clear='all'/><br/><br/><a href=""http://da.feedsportal.com/r/216443316095/u/49/f/647410/c/35028/s/41cfd598/sc/8/rc/1/rc.htm"" rel=""nofollow""><img src=""http://da.feedsportal.com/r/216443316095/u/49/f/647410/c/35028/s/41cfd598/sc/8/rc/1/rc.img"" border=""0""/></a><br/><a href=""http://da.feedsportal.com/r/216443316095/u/49/f/647410/c/35028/s/41cfd598/sc/8/rc/2/rc.htm"" rel=""nofollow""><img src=""http://da.feedsportal.com/r/216443316095/u/49/f/647410/c/35028/s/41cfd598/sc/8/rc/2/rc.img"" border=""0""/></a><br/><a href=""http://da.feedsportal.com/r/216443316095/u/49/f/647410/c/35028/s/41cfd598/sc/8/rc/3/rc.htm"" rel=""nofollow""><img src=""http://da.feedsportal.com/r/216443316095/u/49/f/647410/c/35028/s/41cfd598/sc/8/rc/3/rc.img"" border=""0""/></a><br/><br/><a href=""http://da.feedsportal.com/r/216443316095/u/49/f/647410/c/35028/s/41cfd598/sc/8/a2.htm""><img src=""http://da.feedsportal.com/r/216443316095/u/49/f/647410/c/35028/s/41cfd598/sc/8/a2.img"" border=""0""/></a><img width=""1"" height=""1"" src=""http://pi.feedsportal.com/r/216443316095/u/49/f/647410/c/35028/s/41cfd598/sc/8/a2t.img"" border=""0""/><img src=""//feeds.feedburner.com/~r/Slashdot/slashdot/~4/YET7wyTxrTQ"" height=""1"" width=""1"" alt=""""/>"
University Of Utah Concludes Investigation Of Controversial 'Nanochopsticks' (pubs.acs),,"Misconduct: Former student solely responsible for manipulated images,
committee finds

"
Water Source for Almonds in California May Run Dry (New York Times),,"The business of growing almonds has thrived in California despite drought
because of a federally controlled project that allowed for Sacramento River
water flows, but the law requires that that source nurture salmon instead
during scarcity.

"
Weird weather lingers in Alaska's largest city (The Arizona Republic),,"ANCHORAGE, Alaska (AP) -- A week before Christmas, Alaska's largest city
should look like a postcard wonderland, and the last place you'd expect to see
equipment making snow....

"
What exactly are you agreeing to with an end-user agreement? (CBS News),,"We’ve all encountered many of those “agree & continue” prompts while browsing
the Internet, but as we half-consciously click to proceed, what exactly are we
agreeing to? Slate Contributor Seth Stevenson discusses how companies benefit
from our indifference to the fine print.

"
White House Touts Obama's 1-Liner as 2014 Tech Highlight,http://rss.slashdot.org/~r/Slashdot/slashdot/~3/IkhInkmD0es/story01.htm,"theodp (442580) writes That President Obama became the first President to write a line of code (as a top Microsoft lobbyist looked on) is #1 on the White House's Top 9 science and technology highlights from 2014. To kick off this year's Hour of Code, the President 'learned to code' by moving a Disney Princess Elsa character 100 pixels on a screen, first by dragging-and-dropping Blockly puzzle pieces and then by coding 1 line of JavaScript. Interestingly, Bill Clinton might have been The First President To Write Code had Microsoft seen fit to use its patented, circa-1995 Graphical Programming System and Method for Enabling a Person to Learn Text-Based Programming &mdash; which describes how kids as young as 8-12 years of age can be taught to program by progressing from creating a program using graphical objects to doing so using text-based programming &mdash; to teach President Clinton to code some 20 years ago!<p><div class=""share_submission"" style=""position:relative;""> <a class=""slashpop"" href=""http://twitter.com/home?status=White+House+Touts+Obama's+1-Liner+as+2014+Tech+Highlight%3A+http%3A%2F%2Fbit.ly%2F1vBd5gn""><img src=""http://a.fsdn.com/sd/twitter_icon_large.png""></a> <a class=""slashpop"" href=""http://www.facebook.com/sharer.php?u=http%3A%2F%2Fyro.slashdot.org%2Fstory%2F14%2F12%2F27%2F229212%2Fwhite-house-touts-obamas-1-liner-as-2014-tech-highlight%3Futm_source%3Dslashdot%26utm_medium%3Dfacebook""><img src=""http://a.fsdn.com/sd/facebook_icon_large.png""></a> <a class=""nobg"" href=""http://plus.google.com/share?url=http://yro.slashdot.org/story/14/12/27/229212/white-house-touts-obamas-1-liner-as-2014-tech-highlight?utm_source=slashdot&amp;utm_medium=googleplus"" onclick=""javascript:window.open(this.href,'', 'menubar=no,toolbar=no,resizable=yes,scrollbars=yes,height=600,width=600');return false;""><img src=""http://www.gstatic.com/images/icons/gplus-16.png"" alt=""Share on Google+""/></a> </div></p><p><a href=""http://yro.slashdot.org/story/14/12/27/229212/white-house-touts-obamas-1-liner-as-2014-tech-highlight?utm_source=rss1.0moreanon&amp;utm_medium=feed"">Read more of this story</a> at Slashdot.</p><iframe src=""http://slashdot.org/slashdot-it.pl?op=discuss&amp;id=6546385&amp;smallembed=1"" style=""height: 300px; width: 100%; border: none;""></iframe><img width='1' height='1' src='http://slashdot.feedsportal.com/c/35028/f/647410/s/41d04260/sc/4/mf.gif' border='0'/><br clear='all'/><br/><br/><a href=""http://da.feedsportal.com/r/216443260352/u/49/f/647410/c/35028/s/41d04260/sc/4/rc/1/rc.htm"" rel=""nofollow""><img src=""http://da.feedsportal.com/r/216443260352/u/49/f/647410/c/35028/s/41d04260/sc/4/rc/1/rc.img"" border=""0""/></a><br/><a href=""http://da.feedsportal.com/r/216443260352/u/49/f/647410/c/35028/s/41d04260/sc/4/rc/2/rc.htm"" rel=""nofollow""><img src=""http://da.feedsportal.com/r/216443260352/u/49/f/647410/c/35028/s/41d04260/sc/4/rc/2/rc.img"" border=""0""/></a><br/><a href=""http://da.feedsportal.com/r/216443260352/u/49/f/647410/c/35028/s/41d04260/sc/4/rc/3/rc.htm"" rel=""nofollow""><img src=""http://da.feedsportal.com/r/216443260352/u/49/f/647410/c/35028/s/41d04260/sc/4/rc/3/rc.img"" border=""0""/></a><br/><br/><a href=""http://da.feedsportal.com/r/216443260352/u/49/f/647410/c/35028/s/41d04260/sc/4/a2.htm""><img src=""http://da.feedsportal.com/r/216443260352/u/49/f/647410/c/35028/s/41d04260/sc/4/a2.img"" border=""0""/></a><img width=""1"" height=""1"" src=""http://pi.feedsportal.com/r/216443260352/u/49/f/647410/c/35028/s/41d04260/sc/4/a2t.img"" border=""0""/><img src=""//feeds.feedburner.com/~r/Slashdot/slashdot/~4/IkhInkmD0es"" height=""1"" width=""1"" alt=""""/>"
gnathodiaphyseal dysplasia (US NLM),,"Gnathodiaphyseal dysplasia and its relationship with gene ANO5 have been added
to Genetics Home Reference. Web links to MedlinePlus, NIH publications,
patient support web sites, ClinicalTrials.gov, PubMed, and OMIM are included.

"
